card_brand,avg_amount
Amex,54.93749417781421
Discover,54.680608358125795
Visa,44.087982839550754
Mastercard,40.227606268697045
